Workbook

Sheet Feuil1
G4: 0
B5: Etapes | C5: Date de début | D5: Durée (en jours) | E5: Date de fin | F5: =+C6+G4 -> 46014 | G5: =+F5+1 -> 46015 | H5: =+G5+1 -> 46016 | I5: =+H5+1 -> 46017 | J5: =+I5+1 -> 46018 | K5: =+J5+1 -> 46019 | L5: =+K5+1 -> 46020 | M5: =+L5+1 -> 46021 | N5: =+M5+1 -> 46022 | ... S5: =+R5+1 -> 46027
B6: Articulations & Poses | C6: 46014 | D6: 2 | E6: =+WORKDAY.INTL(Feuil1!$C6,Feuil1!$D6-1,"0000000",Examen[Date]) -> 46015
B7: Trajectoires Coordonnées | C7: =+WORKDAY.INTL(E6,1,"0000000",Examen[Date]) -> 46017 | D7: 2 | E7: =+WORKDAY.INTL(Feuil1!$C7,Feuil1!$D7-1,"0000000",Examen[Date]) -> 46018
B8: Pipeline Image | C8: =+WORKDAY.INTL(E7,1,"0000000",Examen[Date]) -> 46019 | D8: 2 | E8: =+WORKDAY.INTL(Feuil1!$C8,Feuil1!$D8-1,"0000000",Examen[Date]) -> 46020
B9: Primitives Pick & Place | C9: =+WORKDAY.INTL(E8,1,"0000000",Examen[Date]) -> 46021 | D9: 2 | E9: =+WORKDAY.INTL(Feuil1!$C9,Feuil1!$D9-1,"0000000",Examen[Date]) -> 46022
B10: Test Pick & Place | C10: =+WORKDAY.INTL(E9,1,"0000000",Examen[Date]) -> 46024 | D10: 1 | E10: =+WORKDAY.INTL(Feuil1!$C10,Feuil1!$D10-1,"0000000",Examen[Date]) -> 46024
B11: Reconnaissance Objets | C11: =+WORKDAY.INTL(E10,1,"0000000",Examen[Date]) -> 46025 | D11: 2 | E11: =+WORKDAY.INTL(Feuil1!$C11,Feuil1!$D11-1,"0000000",Examen[Date]) -> 46026
B12: Test & Publication | C12: =+WORKDAY.INTL(E11,1,"0000000",Examen[Date]) -> 46027 | D12: 1 | E12: =+WORKDAY.INTL(Feuil1!$C12,Feuil1!$D12-1,"0000000",Examen[Date]) -> 46027
B13: Localisation 3D Objet | C13: =+WORKDAY.INTL(E12,1,"0000000",Examen[Date]) -> 46028 | D13: 2 | E13: =+WORKDAY.INTL(Feuil1!$C13,Feuil1!$D13-1,"0000000",Examen[Date]) -> 46029
B14: Test & Pose ROS | C14: =+WORKDAY.INTL(E13,1,"0000000",Examen[Date]) -> 46030 | D14: 1 | E14: =+WORKDAY.INTL(Feuil1!$C14,Feuil1!$D14-1,"0000000",Examen[Date]) -> 46030
B15: C Décision / FSM | C15: =+WORKDAY.INTL(E14,1,"0000000",Examen[Date]) -> 46031 | D15: 2 | E15: =+WORKDAY.INTL(Feuil1!$C15,Feuil1!$D15-1,"0000000",Examen[Date]) -> 46032
B16: Test / Logs / Ajustements | C16: =+WORKDAY.INTL(E15,1,"0000000",Examen[Date]) -> 46033 | D16: 2 | E16: =+WORKDAY.INTL(Feuil1!$C16,Feuil1!$D16-1,"0000000",Examen[Date]) -> 46034

Sheet Feuil2
B2: Date
B7: 46016
B9: 46023
